City_ID,City,Country,Date,Lat,Lng,Max Temp,Humidity,Cloudiness,Wind Speed
0,Albany,US,2021-10-12 14:19:31,42.6001,-73.9662,64.54,92,100,1.01
1,Vaini,TO,2021-10-12 14:20:07,-21.2,-175.2,69.96,83,75,4.61
2,Atuona,PF,2021-10-12 14:20:08,-9.8,-139.0333,77.5,66,28,17.6
3,Butaritari,KI,2021-10-12 14:20:08,3.0707,172.7902,80.91,71,82,8.9
4,Bredasdorp,ZA,2021-10-12 14:20:09,-34.5322,20.0403,70.92,56,100,9.22
5,Tulum,MX,2021-10-12 14:20:09,20.2167,-87.4667,82.45,74,8,4.59
6,Bambous Virieux,MU,2021-10-12 14:20:10,-20.3428,57.7575,77.25,83,40,6.91
7,Chuy,UY,2021-10-12 14:20:10,-33.6971,-53.4616,67.98,79,66,5.46
8,Vitry-Le-Francois,FR,2021-10-12 14:20:11,48.7333,4.5833,58.06,76,98,10.65
9,Jamestown,US,2021-10-12 14:20:11,42.097,-79.2353,68.02,77,75,5.99
10,Norman Wells,CA,2021-10-12 14:20:11,65.282,-126.8329,26.64,93,75,8.05
11,Tautira,PF,2021-10-12 14:20:12,-17.7333,-149.15,77.02,81,65,17.34
12,Severo-Kurilsk,RU,2021-10-12 14:20:12,50.6789,156.125,44.15,75,21,26.89
13,Esperance,AU,2021-10-12 14:20:12,-33.8667,121.9,55.45,67,100,25.75
14,Longyearbyen,SJ,2021-10-12 14:20:13,78.2186,15.6401,28.24,69,75,13.8
15,Punta Arenas,CL,2021-10-12 14:19:55,-53.15,-70.9167,53.71,43,0,19.57
16,Sturgeon Falls,CA,2021-10-12 14:20:14,46.3646,-79.9326,71.1,75,100,8.21
17,Redlands,US,2021-10-12 14:15:15,34.0556,-117.1825,54.64,45,1,4.61
18,Vardo,NO,2021-10-12 14:20:14,70.3705,31.1107,43.0,87,75,5.75
19,Gawan,IN,2021-10-12 14:20:15,28.4333,78.35,84.24,34,0,6.24
20,Mataura,NZ,2021-10-12 14:20:15,-46.1927,168.8643,39.43,93,100,7.99
21,Acapulco,MX,2021-10-12 14:20:15,16.8634,-99.8901,80.42,94,75,2.3
22,Barrow,US,2021-10-12 14:20:15,71.2906,-156.7887,28.42,86,90,19.57
23,Nicoya,CR,2021-10-12 14:20:16,10.1483,-85.452,80.15,86,54,2.98
24,Aklavik,CA,2021-10-12 14:20:16,68.2191,-135.0107,24.8,93,75,3.44
25,Kapaa,US,2021-10-12 14:20:16,22.0752,-159.319,77.32,84,75,5.99
26,Busselton,AU,2021-10-12 14:20:17,-33.65,115.3333,48.04,68,90,5.93
27,Iqaluit,CA,2021-10-12 14:16:53,63.7506,-68.5145,33.53,100,90,8.01
28,Chilliwack,CA,2021-10-12 14:15:45,49.1747,-121.9443,40.84,91,91,1.66
29,Kargasok,RU,2021-10-12 14:20:17,59.0556,80.8572,28.26,72,83,4.72
30,Matamoros,MX,2021-10-12 14:16:23,25.5333,-103.25,78.91,48,75,9.22
31,Matagami,CA,2021-10-12 14:20:18,49.7502,-77.6328,62.71,100,90,2.3
32,Bathsheba,BB,2021-10-12 14:20:18,13.2167,-59.5167,86.61,70,20,18.41
33,Mocuba,MZ,2021-10-12 14:20:18,-16.8392,36.9856,82.35,33,1,8.77
34,Khatanga,RU,2021-10-12 14:20:19,71.9667,102.5,13.51,96,100,6.31
35,Chapais,CA,2021-10-12 14:20:19,49.7834,-74.8492,62.38,94,100,7.16
36,Sao Felix Do Xingu,BR,2021-10-12 14:20:20,-6.6447,-51.995,85.55,71,31,1.34
37,Paamiut,GL,2021-10-12 14:20:20,61.994,-49.6678,38.98,73,100,5.35
38,Saskylakh,RU,2021-10-12 14:20:20,71.9167,114.0833,16.56,98,100,5.12
39,Hermanus,ZA,2021-10-12 14:20:21,-34.4187,19.2345,73.9,69,99,8.14
40,Kuznechnoye,RU,2021-10-12 14:20:21,61.12,29.8686,46.99,69,100,6.13
41,San Patricio,US,2021-10-12 14:20:21,28.017,-97.5169,84.18,75,79,14.76
42,Fortuna,US,2021-10-12 14:20:22,40.5982,-124.1573,39.33,58,0,3.94
43,Vao,NC,2021-10-12 14:20:22,-22.6667,167.4833,68.59,93,100,6.62
44,Upernavik,GL,2021-10-12 14:20:23,72.7868,-56.1549,34.48,98,100,19.98
45,Puerto Ayora,EC,2021-10-12 14:20:23,-0.7393,-90.3518,73.36,95,97,8.01
46,Qaanaaq,GL,2021-10-12 14:20:23,77.484,-69.3632,27.99,95,98,5.59
47,Chokurdakh,RU,2021-10-12 14:20:24,70.6333,147.9167,15.46,90,100,7.47
48,Naze,JP,2021-10-12 14:20:24,28.3667,129.4833,77.2,82,69,17.58
49,Bluff,NZ,2021-10-12 14:20:24,-46.6,168.3333,44.44,74,100,24.72
50,Souillac,MU,2021-10-12 14:20:25,-20.5167,57.5167,77.38,83,40,6.91
51,Panhala,IN,2021-10-12 14:20:25,16.8167,74.1167,72.59,71,26,1.19
52,Goderich,CA,2021-10-12 14:20:26,43.7501,-81.7165,66.9,82,100,11.5
53,Ostrovnoy,RU,2021-10-12 14:20:26,68.0531,39.5131,42.84,83,99,22.12
54,Urumqi,CN,2021-10-12 14:18:09,43.801,87.6005,47.35,53,0,4.47
55,Vila,PT,2021-10-12 14:20:27,42.0304,-8.1588,70.74,33,0,1.03
56,Sao Filipe,CV,2021-10-12 14:20:27,14.8961,-24.4956,80.76,70,2,8.12
57,Nakasongola,UG,2021-10-12 14:20:27,1.3089,32.4564,73.85,74,95,3.31
58,Rafraf,TN,2021-10-12 14:20:28,37.1904,10.1837,73.72,58,45,15.66
59,Castro,BR,2021-10-12 14:20:28,-24.7911,-50.0119,68.59,67,72,4.09
60,Ushuaia,AR,2021-10-12 14:20:28,-54.8,-68.3,53.26,40,40,20.71
61,Imbituba,BR,2021-10-12 14:20:29,-28.24,-48.6703,71.49,95,100,14.58
62,Lorengau,PG,2021-10-12 14:20:29,-2.0226,147.2712,82.62,77,5,7.63
63,Bernay,FR,2021-10-12 14:20:29,49.1667,0.6667,60.71,77,96,8.01
64,Yellowknife,CA,2021-10-12 14:20:30,62.456,-114.3525,32.41,100,75,4.0
65,Ponta Do Sol,PT,2021-10-12 14:20:30,32.6667,-17.1,77.13,66,24,4.45
66,Ilulissat,GL,2021-10-12 14:20:30,69.2167,-51.1,30.22,69,75,4.61
67,Hami,CN,2021-10-12 14:20:31,42.8,93.45,53.6,31,42,2.04
68,Kruisfontein,ZA,2021-10-12 14:20:31,-34.0033,24.7314,67.89,46,100,10.71
69,Sept-Iles,CA,2021-10-12 14:19:49,50.2001,-66.3821,63.12,87,90,2.3
70,Nanortalik,GL,2021-10-12 14:20:32,60.1432,-45.2371,42.26,63,7,2.48
71,Ndele,CF,2021-10-12 14:20:32,8.4109,20.6473,87.55,58,96,5.91
72,Ketchikan,US,2021-10-12 14:20:32,55.3422,-131.6461,46.38,89,100,5.37
73,New Norfolk,AU,2021-10-12 14:20:33,-42.7826,147.0587,46.71,67,100,1.83
74,Xinan,CN,2021-10-12 14:20:33,26.72,119.8556,72.32,92,100,10.67
75,Ribeira Grande,PT,2021-10-12 14:20:33,38.5167,-28.7,73.8,64,20,9.22
76,Ranghulu,CN,2021-10-12 14:20:34,46.65,124.8667,50.95,49,3,9.08
77,Carnarvon,AU,2021-10-12 14:20:34,-24.8667,113.6333,64.47,72,0,19.57
78,Clyde River,CA,2021-10-12 14:20:34,70.4692,-68.5914,34.03,80,40,3.44
79,Bajina Basta,RS,2021-10-12 14:20:35,43.9708,19.5675,49.33,100,90,5.75
80,Namibe,AO,2021-10-12 14:20:35,-15.1961,12.1522,75.16,74,8,12.86
81,Avera,US,2021-10-12 14:20:35,33.194,-82.5271,71.47,77,0,5.03
82,Yar-Sale,RU,2021-10-12 14:20:36,66.8333,70.8333,29.88,76,100,13.67
83,Kayerkan,RU,2021-10-12 14:20:36,69.3497,87.7602,17.85,95,80,7.49
84,Fort Nelson,CA,2021-10-12 14:15:56,58.8053,-122.7002,29.79,93,90,4.61
85,Ancud,CL,2021-10-12 14:20:37,-41.8697,-73.8203,56.73,76,1,3.13
86,Te Anau,NZ,2021-10-12 14:20:37,-45.4167,167.7167,37.47,98,96,3.69
87,Rikitea,PF,2021-10-12 14:20:37,-23.1203,-134.9692,73.6,79,84,12.84
88,College,US,2021-10-12 14:17:02,64.8569,-147.8028,28.58,89,1,0.0
89,Olafsvik,IS,2021-10-12 14:20:38,64.8945,-23.7142,42.85,92,100,12.88
90,Kavieng,PG,2021-10-12 14:20:38,-2.5744,150.7967,83.14,74,95,10.8
91,Qaqortoq,GL,2021-10-12 14:20:38,60.7167,-46.0333,41.5,53,6,3.87
92,Ambon,ID,2021-10-12 14:20:39,-3.6954,128.1814,78.94,89,20,8.05
93,Provideniya,RU,2021-10-12 14:20:39,64.3833,-173.3,29.71,89,100,9.78
94,Fort-Shevchenko,KZ,2021-10-12 14:20:39,44.5086,50.263,60.1,48,32,9.51
95,Tateyama,JP,2021-10-12 14:20:40,34.9833,139.8667,69.1,87,98,15.79
96,Quatre Cocos,MU,2021-10-12 14:20:40,-20.2078,57.7625,77.11,75,5,6.08
97,Saint George,US,2021-10-12 14:17:03,37.1041,-113.5841,45.43,79,90,5.01
98,Ushibuka,JP,2021-10-12 14:20:40,32.1906,130.0228,76.93,83,100,3.98
99,Marawi,PH,2021-10-12 14:20:41,7.9986,124.2928,71.65,85,84,5.1
100,Bandar-E Lengeh,IR,2021-10-12 14:20:42,26.5579,54.8807,89.71,45,0,6.91
101,Mercedes,AR,2021-10-12 14:20:42,-34.6515,-59.4307,67.84,76,98,5.91
102,East London,ZA,2021-10-12 14:20:42,-33.0153,27.9116,68.94,83,75,10.36
103,Aligudarz,IR,2021-10-12 14:20:42,33.4006,49.6949,65.32,18,2,4.68
104,Camacha,PT,2021-10-12 14:20:43,33.0833,-16.3333,72.54,64,20,9.22
105,Gornozavodsk,RU,2021-10-12 14:20:43,58.3758,58.3211,42.24,86,100,4.54
106,Hobart,AU,2021-10-12 14:18:14,-42.8794,147.3294,47.05,77,100,1.99
107,Pevek,RU,2021-10-12 14:20:44,69.7008,170.3133,14.9,91,87,4.16
108,Karaton,ID,2021-10-12 14:20:44,-6.3424,106.1045,80.76,78,81,1.3
109,Shamary,RU,2021-10-12 14:20:09,57.3434,58.2199,45.25,83,100,4.97
110,Villa Carlos Paz,AR,2021-10-12 14:20:44,-31.4241,-64.4978,77.05,50,12,11.01
111,Cururupu,BR,2021-10-12 14:20:45,-1.8283,-44.8683,88.36,52,83,7.09
112,Brae,GB,2021-10-12 14:20:45,60.3964,-1.353,48.11,57,94,8.41
113,Hamilton,US,2021-10-12 14:15:54,39.1834,-84.5333,72.61,82,75,3.0
114,Port Hardy,CA,2021-10-12 14:15:56,50.6996,-127.4199,46.58,87,90,17.27
115,Nishihara,JP,2021-10-12 14:20:46,26.1842,127.7558,80.26,89,75,10.36
116,Whyalla,AU,2021-10-12 14:20:46,-33.0333,137.5833,60.69,63,90,13.8
117,Karratha,AU,2021-10-12 14:20:46,-20.7377,116.8463,77.9,56,0,10.51
118,Biltine,TD,2021-10-12 14:20:47,14.5333,20.9167,103.64,13,88,7.85
119,Namtsy,RU,2021-10-12 14:20:47,62.7161,129.6658,23.11,69,89,8.5
120,Comodoro Rivadavia,AR,2021-10-12 14:20:48,-45.8667,-67.5,60.66,41,0,11.5
121,Jumla,NP,2021-10-12 14:20:48,29.2747,82.1838,55.26,89,50,3.22
122,Zeya,RU,2021-10-12 14:20:48,53.75,127.2667,42.26,80,100,3.36
123,Inirida,CO,2021-10-12 14:20:49,3.8653,-67.9239,73.78,99,100,1.16
124,Avarua,CK,2021-10-12 14:20:49,-21.2078,-159.775,69.85,100,75,9.22
125,Henties Bay,NA,2021-10-12 14:20:49,-22.116,14.2845,65.89,74,23,7.54
126,Fairbanks,US,2021-10-12 14:20:50,64.8378,-147.7164,31.96,84,1,0.0
127,Constitucion,CL,2021-10-12 14:20:50,-35.3333,-72.4167,55.02,75,100,8.79
128,Moussoro,TD,2021-10-12 14:20:50,13.6408,16.4901,103.53,7,100,8.21
129,Makakilo City,US,2021-10-12 14:17:32,21.3469,-158.0858,77.32,77,20,5.75
130,Bin Qirdan,TN,2021-10-12 14:20:51,33.1378,11.2197,77.52,43,100,10.51
131,Thompson,CA,2021-10-12 14:20:51,55.7435,-97.8558,42.96,100,90,4.61
132,Kloulklubed,PW,2021-10-12 14:20:51,7.0419,134.2556,81.1,74,100,8.14
133,Dikson,RU,2021-10-12 14:20:52,73.5069,80.5464,30.54,78,44,12.73
134,Cape Town,ZA,2021-10-12 14:19:41,-33.9258,18.4232,74.12,48,0,16.11
135,Methoni,GR,2021-10-12 14:20:52,36.8197,21.7049,69.66,65,32,24.38
136,Arraial Do Cabo,BR,2021-10-12 14:20:53,-22.9661,-42.0278,69.66,83,75,10.36
137,Praia Da Vitoria,PT,2021-10-12 14:20:53,38.7333,-27.0667,74.75,88,40,4.83
138,Shamkhal,RU,2021-10-12 14:20:53,43.0596,47.3373,60.78,75,39,19.93
139,Tuktoyaktuk,CA,2021-10-12 14:20:54,69.4541,-133.0374,24.8,100,90,11.5
140,Pennagaram,IN,2021-10-12 14:20:54,12.1333,77.9,72.79,93,100,3.24
141,Shelburne,CA,2021-10-12 14:15:56,44.0787,-80.2041,65.75,85,65,14.85
142,Kaitangata,NZ,2021-10-12 14:20:54,-46.2817,169.8464,43.32,84,100,19.39
143,Leningradskiy,RU,2021-10-12 14:20:55,69.3833,178.4167,18.39,96,100,5.97
144,Arawa,PG,2021-10-12 14:20:55,-6.2132,155.5367,76.14,89,100,2.08
145,Kailua,US,2021-10-12 14:18:37,21.4022,-157.7394,78.78,67,90,22.21
146,Gobabis,NA,2021-10-12 14:20:55,-22.45,18.9667,91.08,8,0,8.39
147,Prainha,BR,2021-10-12 14:20:56,-1.8,-53.48,91.8,46,21,5.79
148,Honiara,SB,2021-10-12 14:20:56,-9.4333,159.95,77.38,87,71,1.83
149,Dingle,PH,2021-10-12 14:20:57,10.9995,122.6711,77.41,87,100,10.49
150,Saint-Philippe,RE,2021-10-12 14:20:57,-21.3585,55.7679,76.59,89,63,5.48
151,Puerto Escondido,MX,2021-10-12 14:20:57,15.85,-97.0667,83.23,69,40,5.75
152,Port Elizabeth,ZA,2021-10-12 14:20:58,-33.918,25.5701,70.11,88,75,10.36
153,Xai-Xai,MZ,2021-10-12 14:20:58,-25.0519,33.6442,82.04,38,0,8.93
154,Nabire,ID,2021-10-12 14:20:58,-3.3667,135.4833,79.29,86,100,2.73
155,Newport,GB,2021-10-12 14:20:59,51.5877,-2.9984,64.35,72,43,5.5
156,Port-Gentil,GA,2021-10-12 14:20:59,-0.7193,8.7815,79.66,83,64,8.68
157,Faya,SA,2021-10-12 14:20:59,18.3851,42.4509,77.11,18,15,10.96
158,Nemuro,JP,2021-10-12 14:21:00,43.3236,145.575,54.46,71,5,9.78
159,Carlsbad,US,2021-10-12 14:21:00,33.1581,-117.3506,62.65,40,1,1.01
160,Hasaki,JP,2021-10-12 14:21:01,35.7333,140.8333,66.6,87,100,19.8
161,Hofn,IS,2021-10-12 14:21:01,64.2539,-15.2082,43.05,71,100,9.28
162,Kopavogur,IS,2021-10-12 14:21:02,64.1123,-21.913,47.91,81,90,14.97
163,Hargeysa,SO,2021-10-12 14:21:03,9.56,44.065,82.8,28,61,12.44
164,Lompoc,US,2021-10-12 14:21:03,34.6391,-120.4579,53.56,84,1,8.05
165,Sorland,NO,2021-10-12 14:21:04,67.667,12.6934,42.66,75,75,10.36
166,Mahebourg,MU,2021-10-12 14:21:04,-20.4081,57.7,77.29,83,40,6.91
167,Mineros,BO,2021-10-12 14:21:04,-17.1167,-63.2333,85.59,41,59,2.93
168,Victoria,HK,2021-10-12 14:16:53,22.2855,114.1577,76.96,69,100,13.0
169,Bauchi,NG,2021-10-12 14:21:05,10.5,10.0,95.41,18,100,4.56
170,Lucapa,AO,2021-10-12 14:21:05,-8.4192,20.7447,70.75,86,96,3.44
171,Nalut,LY,2021-10-12 14:21:06,30.3333,10.85,76.6,22,100,2.53
172,Flinders,AU,2021-10-12 14:21:06,-34.5833,150.8552,58.8,81,100,1.01
173,Talcahuano,CL,2021-10-12 14:21:06,-36.7167,-73.1167,55.08,71,90,8.05
174,Gandorhun,SL,2021-10-12 14:21:07,7.5,-11.8333,84.22,76,81,4.36
175,Marzuq,YE,2021-10-12 14:21:07,14.4,46.4667,86.81,17,66,11.3
176,Port Alfred,ZA,2021-10-12 14:21:07,-33.5906,26.891,69.87,72,43,12.17
177,Alghero,IT,2021-10-12 14:21:08,40.5589,8.3181,68.09,73,20,12.66
178,Yeniseysk,RU,2021-10-12 14:21:08,58.4497,92.1703,25.34,61,82,3.11
179,Grand Gaube,MU,2021-10-12 14:21:08,-20.0064,57.6608,77.4,80,2,3.0
180,Bonthe,SL,2021-10-12 14:21:09,7.5264,-12.505,82.04,76,93,7.09
181,Bac Lieu,VN,2021-10-12 14:21:09,9.285,105.7244,78.24,89,100,8.12
182,Alekseyevsk,RU,2021-10-12 14:21:09,57.8406,108.3492,25.07,50,77,3.87
183,Hilo,US,2021-10-12 14:21:10,19.7297,-155.09,76.73,92,90,8.05
184,Tiksi,RU,2021-10-12 14:21:10,71.6872,128.8694,19.15,94,97,8.79
185,Kavaratti,IN,2021-10-12 14:21:10,10.5669,72.642,82.11,79,100,20.83
186,Port Lincoln,AU,2021-10-12 14:21:11,-34.7333,135.8667,53.82,79,96,14.23
187,Vanimo,PG,2021-10-12 14:21:11,-2.6741,141.3028,79.75,85,28,3.58
188,Jasper,US,2021-10-12 14:21:12,37.2001,-94.3502,65.35,77,1,1.01
189,Baturaja,ID,2021-10-12 14:21:12,-4.1333,104.1667,75.29,97,100,4.16
190,Beringovskiy,RU,2021-10-12 14:21:12,63.05,179.3167,18.86,87,49,13.73
191,Muleba,TZ,2021-10-12 14:21:13,-1.8397,31.6544,71.87,42,100,4.52
192,La Ronge,CA,2021-10-12 14:21:13,55.1001,-105.2842,34.05,100,75,3.44
193,Roznava,SK,2021-10-12 14:21:13,48.6601,20.5376,54.48,59,92,1.77
194,Ballina,AU,2021-10-12 14:18:39,-28.8667,153.5667,62.78,86,94,10.78
195,Sitka,US,2021-10-12 14:21:14,57.0531,-135.33,46.29,71,90,12.66
196,Platteville,US,2021-10-12 14:20:23,42.7342,-90.4785,59.47,85,1,9.51
197,Chase,CA,2021-10-12 14:21:14,50.8165,-119.6857,34.14,82,100,3.67
198,Oyama,JP,2021-10-12 14:21:15,36.3,139.8,66.81,79,100,6.17
199,Lodja,CD,2021-10-12 14:21:15,-3.4833,23.4333,77.86,80,89,4.32
200,Pravia,ES,2021-10-12 14:21:15,43.4906,-6.1508,66.67,68,20,12.66
201,Bengkulu,ID,2021-10-12 14:21:16,-3.8004,102.2655,76.68,90,81,4.12
202,San Cristobal,VE,2021-10-12 14:19:00,7.7669,-72.225,78.98,62,83,6.11
203,Tabou,CI,2021-10-12 14:21:16,4.423,-7.3528,80.83,79,97,8.93
204,Festus,US,2021-10-12 14:21:16,38.2206,-90.396,63.27,67,0,6.24
205,Nouadhibou,MR,2021-10-12 14:21:17,20.931,-17.0347,69.37,84,28,20.76
206,Suffolk,US,2021-10-12 14:17:16,40.8668,-72.7996,66.88,91,90,5.01
207,Isangel,VU,2021-10-12 14:21:17,-19.55,169.2667,73.47,83,72,7.67
208,Pacific Grove,US,2021-10-12 14:21:17,36.6177,-121.9166,57.31,59,1,7.0
209,Taltal,CL,2021-10-12 14:21:18,-25.4,-70.4833,60.06,71,13,3.89
210,Lata,PT,2021-10-12 14:21:18,40.1629,-8.3327,83.35,41,0,5.48
211,Coquimbo,CL,2021-10-12 14:21:18,-29.9533,-71.3436,56.93,71,90,4.61
212,Pisco,PE,2021-10-12 14:21:19,-13.7,-76.2167,62.65,82,90,4.61
213,Rudnogorsk,RU,2021-10-12 14:21:19,57.2639,103.7519,21.47,50,94,3.91
214,Biu,NG,2021-10-12 14:21:19,10.6129,12.1946,91.22,25,100,4.94
215,Faanui,PF,2021-10-12 14:21:20,-16.4833,-151.75,80.47,76,99,13.31
216,Rawlins,US,2021-10-12 14:20:12,41.7911,-107.2387,36.03,80,90,12.66
217,Guane,CU,2021-10-12 14:21:20,22.2025,-84.0875,81.12,67,1,4.18
218,Pangnirtung,CA,2021-10-12 14:21:21,66.1451,-65.7125,28.4,100,90,5.75
219,Hithadhoo,MV,2021-10-12 14:21:21,-0.6,73.0833,83.68,74,88,17.78
220,Airai,TL,2021-10-12 14:21:22,-8.9266,125.4092,62.56,90,100,0.96
221,Bintulu,MY,2021-10-12 14:21:22,3.1667,113.0333,81.01,94,20,0.0
222,Ambilobe,MG,2021-10-12 14:21:22,-13.2,49.05,81.64,60,68,5.03
223,Sabha,LY,2021-10-12 14:21:23,27.0377,14.4283,80.2,35,100,15.14
224,Santa Isabel Do Rio Negro,BR,2021-10-12 14:21:23,-0.4139,-65.0192,89.53,56,54,1.59
225,Monterrey,MX,2021-10-12 14:18:20,25.6667,-100.3167,85.41,87,4,1.97
226,Aosta,IT,2021-10-12 14:21:23,45.7667,7.4167,54.57,38,6,8.05
227,Lamar,US,2021-10-12 14:21:24,33.6668,-95.5836,67.66,88,90,9.22
228,Kuching,MY,2021-10-12 14:21:24,1.55,110.3333,82.62,89,40,5.75
229,Gigmoto,PH,2021-10-12 14:21:24,13.7796,124.39,80.28,86,100,12.1
230,Lagunas,PE,2021-10-12 14:21:25,-5.2269,-75.6753,85.19,65,95,2.55
231,Fare,PF,2021-10-12 14:21:25,-16.7,-151.0167,80.08,78,98,13.87
232,Georgetown,MY,2021-10-12 14:21:26,5.4112,100.3354,85.95,75,20,1.14
233,Haines Junction,CA,2021-10-12 14:21:26,60.7522,-137.5108,31.95,100,100,2.3
234,Kassala,SD,2021-10-12 14:21:26,15.451,36.4,96.39,30,76,3.78
235,Kaeo,NZ,2021-10-12 14:21:27,-35.1,173.7833,48.33,92,98,5.64
236,Kuito,AO,2021-10-12 14:21:27,-12.3833,16.9333,90.32,16,94,9.31
237,Powell River,CA,2021-10-12 14:17:03,49.8496,-124.5361,48.47,76,90,11.5
238,Phalombe,MW,2021-10-12 14:21:28,-15.8064,35.6507,79.11,34,32,4.47
239,Kahului,US,2021-10-12 14:21:28,20.8947,-156.47,77.02,77,1,8.05
240,Gat,IL,2021-10-12 14:21:28,31.61,34.7642,90.39,46,73,14.07
241,Bundaberg,AU,2021-10-12 14:21:29,-24.85,152.35,72.21,94,30,0.0
242,Lebu,CL,2021-10-12 14:21:29,-37.6167,-73.65,55.87,77,20,4.29
243,Asuncion,PY,2021-10-12 14:21:29,-25.3007,-57.6359,81.9,57,0,4.61
244,Kathmandu,NP,2021-10-12 14:21:30,27.7167,85.3167,73.62,78,20,4.61
245,Mangan,IN,2021-10-12 14:21:30,27.5167,88.5333,72.73,66,5,6.4
246,Talnakh,RU,2021-10-12 14:21:31,69.4865,88.3972,15.26,96,95,5.03
247,Gondanglegi,ID,2021-10-12 14:21:31,-7.7479,112.0132,75.51,82,91,14.47
248,Lavrentiya,RU,2021-10-12 14:21:31,65.5833,-171.0,29.46,88,100,12.88
249,Kasama,ZM,2021-10-12 14:21:32,-10.2129,31.1808,82.15,28,98,11.63
250,Nikolskoye,RU,2021-10-12 14:21:32,59.7035,30.7861,52.88,55,1,7.2
251,Terrasini,IT,2021-10-12 14:21:32,38.146,13.0844,71.08,62,75,9.22
252,Klaksvik,FO,2021-10-12 14:21:33,62.2266,-6.589,45.52,62,100,2.21
253,Vestmannaeyjar,IS,2021-10-12 14:21:33,63.4427,-20.2734,47.39,100,90,25.32
254,Tasiilaq,GL,2021-10-12 14:21:33,65.6145,-37.6368,35.76,61,100,2.98
255,Geraldton,AU,2021-10-12 14:21:34,-28.7667,114.6,57.61,67,0,16.11
256,Alindao,CF,2021-10-12 14:21:34,5.0267,21.2088,81.93,73,78,5.55
257,Amazar,RU,2021-10-12 14:21:35,53.858,120.875,41.61,75,100,2.89
258,Morgan City,US,2021-10-12 14:21:35,29.6994,-91.2068,82.99,83,1,3.44
259,Tevaitoa,PF,2021-10-12 14:21:35,-16.7833,-151.5,80.19,78,91,14.12
260,Asyut,EG,2021-10-12 14:21:36,27.181,31.1837,93.38,19,42,13.13
261,Sigli,ID,2021-10-12 14:21:36,5.3848,95.9609,82.53,72,100,6.44
262,Saldanha,ZA,2021-10-12 14:21:37,-33.0117,17.9442,63.34,79,100,17.18
263,Mokrousovo,RU,2021-10-12 14:21:37,55.8103,66.7653,45.55,90,100,7.25
264,Oriximina,BR,2021-10-12 14:21:37,-1.7656,-55.8661,94.84,38,34,4.7
265,Laguna,US,2021-10-12 14:21:38,38.421,-121.4238,56.08,40,1,4.0
266,Buala,SB,2021-10-12 14:21:38,-8.145,159.5921,80.04,81,96,5.97
267,Sur,OM,2021-10-12 14:21:38,22.5667,59.5289,83.35,59,0,8.66
268,Jerome,US,2021-10-12 14:20:47,42.7241,-114.5186,35.15,88,75,5.75
269,Yavatmal,IN,2021-10-12 14:21:39,20.4,78.1333,76.82,62,2,3.09
270,Naugachhia,IN,2021-10-12 14:21:39,25.4,87.1,82.92,68,28,6.93
271,Guerrero Negro,MX,2021-10-12 14:21:39,27.9769,-114.0611,64.33,66,1,15.55
272,Anjiang,CN,2021-10-12 14:21:40,27.3194,110.1031,58.98,80,28,4.12
273,Kunashak,RU,2021-10-12 14:21:40,55.7032,61.5498,52.32,78,100,8.1
274,Port Macquarie,AU,2021-10-12 14:21:40,-31.4333,152.9167,58.89,100,75,8.05
275,Roald,NO,2021-10-12 14:21:41,62.5833,6.1333,47.91,71,75,11.5
276,Touros,BR,2021-10-12 14:21:41,-5.1989,-35.4608,88.7,56,45,15.73
277,Kangasala,FI,2021-10-12 14:21:41,61.4638,24.076,46.94,82,100,2.55
278,Taonan,CN,2021-10-12 14:21:42,45.3333,122.7833,51.13,49,45,8.77
279,Devrek,TR,2021-10-12 14:21:42,41.2192,31.9558,76.05,50,79,3.78
280,Shubarkuduk,KZ,2021-10-12 14:21:42,49.1447,56.4872,52.16,45,51,8.34
281,Cidreira,BR,2021-10-12 14:21:42,-30.1811,-50.2056,69.84,79,31,16.42
282,Dhidhdhoo,MV,2021-10-12 14:21:43,6.8833,73.1,82.78,80,59,17.09
283,Codrington,AU,2021-10-12 14:21:43,-38.2667,141.9667,51.66,74,71,12.44
284,Mutoko,ZW,2021-10-12 14:21:43,-17.397,32.2268,80.85,15,0,9.93
285,Port Blair,IN,2021-10-12 14:21:44,11.6667,92.75,81.37,84,100,17.54
286,West Fargo,US,2021-10-12 14:20:50,46.875,-96.9004,44.02,76,1,7.0
287,Ginir,ET,2021-10-12 14:21:44,7.1333,40.7,62.67,80,91,5.08
288,Belmonte,BR,2021-10-12 14:21:44,-15.8631,-38.8828,73.9,84,88,4.79
289,Digby,CA,2021-10-12 14:21:45,44.6169,-65.7655,65.35,81,65,3.65
290,Lubyany,RU,2021-10-12 14:21:45,56.0378,51.4,53.24,67,83,5.66
291,Grindavik,IS,2021-10-12 14:21:45,63.8424,-22.4338,48.15,100,90,21.85
292,Jiuquan,CN,2021-10-12 14:21:46,39.7432,98.5174,47.5,23,0,5.48
293,Saint-Augustin,CA,2021-10-12 14:21:46,51.226,-58.6502,52.43,47,7,10.11
294,Havre-Saint-Pierre,CA,2021-10-12 14:21:46,50.2334,-63.5986,64.99,82,90,0.0
295,Sobolevo,RU,2021-10-12 14:21:47,54.4299,31.8996,49.28,62,100,8.05
296,Sandnessjoen,NO,2021-10-12 14:21:47,66.0217,12.6316,44.71,78,75,3.0
297,Walvis Bay,NA,2021-10-12 14:21:47,-22.9575,14.5053,68.95,64,0,8.05
298,Bilara,IN,2021-10-12 14:21:47,26.1792,73.7056,86.4,35,0,5.01
299,Mazurivka,UA,2021-10-12 14:21:48,49.2745,24.2123,50.94,58,100,5.61
300,Amudat,UG,2021-10-12 14:21:48,1.95,34.95,79.81,51,98,9.08
301,Aswan,EG,2021-10-12 14:21:48,24.0934,32.907,106.9,12,0,5.75
302,Cabo San Lucas,MX,2021-10-12 14:20:42,22.8909,-109.9124,78.62,81,77,7.38
303,Berezovyy,RU,2021-10-12 14:21:49,51.6667,135.7,45.46,69,100,6.46
304,Beyneu,KZ,2021-10-12 14:21:49,45.3167,55.2,60.48,33,2,12.26
305,Alofi,NU,2021-10-12 14:21:49,-19.0595,-169.9187,71.49,68,1,9.22
306,Rocha,UY,2021-10-12 14:21:50,-34.4833,-54.3333,67.57,81,98,4.81
307,Boralday,KZ,2021-10-12 14:21:50,43.3578,76.8594,39.06,65,40,4.47
308,Fenoarivo Atsinanana,MG,2021-10-12 14:21:50,-17.3667,49.4167,75.92,71,7,11.39
309,Nome,US,2021-10-12 14:21:51,64.5011,-165.4064,33.87,86,90,8.05
310,Zaria,NG,2021-10-12 14:21:51,11.1113,7.7227,93.6,17,83,7.09
311,Sisimiut,GL,2021-10-12 14:21:51,66.9395,-53.6735,34.52,72,100,5.23
312,San Isidro,PE,2021-10-12 14:21:52,-12.1167,-77.05,63.01,87,90,1.99
313,Vrangel,RU,2021-10-12 14:21:52,42.7297,133.0839,53.26,60,0,5.95
314,Taunggyi,MM,2021-10-12 14:21:52,20.7833,97.0333,63.84,96,13,2.53
315,Kysyl-Syr,RU,2021-10-12 14:21:53,63.8986,122.7617,24.04,92,100,8.9
316,Gap,FR,2021-10-12 14:21:53,44.6667,6.0,49.84,50,13,8.63
317,Vostok,RU,2021-10-12 14:21:54,46.4856,135.8833,36.25,66,0,4.16
318,Tuxtepec,MX,2021-10-12 14:17:22,18.1,-96.1167,79.81,91,65,0.36
319,New Iberia,US,2021-10-12 14:21:54,30.0035,-91.8187,82.96,89,90,6.91
320,Bethel,US,2021-10-12 14:21:54,41.3712,-73.414,66.49,87,1,4.61
321,Manaure,CO,2021-10-12 14:21:55,11.7751,-72.4445,86.38,66,51,7.9
322,Seredeyskiy,RU,2021-10-12 14:21:55,54.0507,35.2318,48.6,63,100,6.08
323,Komsomolskiy,UZ,2021-10-12 14:18:20,40.4272,71.7189,56.12,38,0,0.0
324,Tuatapere,NZ,2021-10-12 14:21:55,-46.1333,167.6833,41.85,84,100,9.35
325,Hirara,JP,2021-10-12 14:21:56,24.8,125.2833,82.06,85,93,28.95
326,Hit,IQ,2021-10-12 14:17:09,33.6416,42.8251,90.86,12,40,3.24
327,Nuuk,GL,2021-10-12 14:21:56,64.1835,-51.7216,36.21,87,75,0.0
328,Kungurtug,RU,2021-10-12 14:21:57,50.5994,97.5228,30.0,78,96,2.24
329,San Lawrenz,MT,2021-10-12 14:21:57,36.0553,14.204,71.85,62,1,4.0
330,Mitsamiouli,KM,2021-10-12 14:21:57,-11.3847,43.2844,80.89,78,40,19.57
331,Trelew,AR,2021-10-12 14:21:58,-43.249,-65.3051,69.87,28,100,16.13
332,Peruibe,BR,2021-10-12 14:21:58,-24.32,-46.9983,73.2,83,50,7.05
333,Nyurba,RU,2021-10-12 14:21:58,63.2842,118.3319,23.74,71,100,12.15
334,Livenka,RU,2021-10-12 14:21:59,50.4491,38.2959,57.45,60,100,7.63
335,Mandurah,AU,2021-10-12 14:20:20,-32.55,115.7,55.17,72,1,14.07
336,Flagstaff,US,2021-10-12 14:21:59,35.1981,-111.6513,34.57,87,90,11.01
337,Muros,ES,2021-10-12 14:21:59,42.7762,-9.0603,82.69,48,0,5.14
338,Zambezi,ZM,2021-10-12 14:21:59,-13.5432,23.1047,97.57,10,6,8.57
339,Berlevag,NO,2021-10-12 14:22:00,70.8578,29.0864,42.75,87,75,21.85
340,Lagos,NG,2021-10-12 14:22:00,6.5833,3.75,88.12,72,46,8.03
341,Pandan,PH,2021-10-12 14:22:01,14.0453,124.1694,79.92,87,100,14.14
342,Yulara,AU,2021-10-12 14:22:01,-25.2406,130.9889,69.64,21,0,8.05
343,Narsaq,GL,2021-10-12 14:22:02,60.9167,-46.05,41.22,51,4,4.45
344,Palmdale,US,2021-10-12 14:21:36,34.5794,-118.1165,50.49,38,1,7.0
345,Suez,EG,2021-10-12 14:22:03,29.9737,32.5263,90.25,30,83,16.73
346,Shiyan,CN,2021-10-12 14:22:03,32.6475,110.7781,59.41,74,0,1.77
347,Denia,ES,2021-10-12 14:22:03,38.8408,0.1057,78.96,68,86,7.0
348,Chenzhou,CN,2021-10-12 14:22:04,25.8,113.0333,58.71,89,99,1.54
349,Maracaju,BR,2021-10-12 14:22:04,-21.6144,-55.1683,82.31,47,1,7.83
350,Palauig,PH,2021-10-12 14:22:05,15.435,119.9045,80.37,86,100,17.09
351,Hearst,CA,2021-10-12 14:22:05,49.6835,-83.6665,52.05,93,100,2.64
352,Port Keats,AU,2021-10-12 14:22:05,-14.25,129.55,83.34,72,97,9.89
353,Mar Del Plata,AR,2021-10-12 14:20:53,-38.0023,-57.5575,66.0,60,90,5.99
354,Bikaner,IN,2021-10-12 14:22:06,28.0167,73.3,89.94,19,0,6.69
355,Labuhan,ID,2021-10-12 14:22:06,-6.8844,112.2051,82.98,66,66,4.38
356,Morehead,US,2021-10-12 14:22:06,37.2711,-87.1764,65.95,82,1,3.0
357,Panzhihua,CN,2021-10-12 14:22:07,26.5851,101.7128,70.07,81,11,1.7
358,Gao,ML,2021-10-12 14:22:07,16.6362,1.637,103.01,5,35,11.68
359,Tambopata,PE,2021-10-12 14:22:07,-12.7333,-69.1833,91.81,50,7,1.19
360,Zheleznodorozhnyy,RU,2021-10-12 14:22:08,55.7503,38.0042,55.22,54,100,7.11
361,Burgeo,CA,2021-10-12 14:22:08,47.6167,-57.6152,53.49,92,100,6.55
362,Coos Bay,US,2021-10-12 14:19:55,43.3665,-124.2179,41.99,98,90,8.05
363,Novyy Urgal,RU,2021-10-12 14:22:09,51.0736,132.5642,41.5,84,86,4.65
364,Green River,US,2021-10-12 14:21:53,41.5286,-109.4662,31.98,68,100,25.01
365,Shache,CN,2021-10-12 14:22:09,38.4167,77.2406,60.12,19,33,5.68
366,Yarmouth,US,2021-10-12 14:17:33,41.7057,-70.2286,67.08,90,40,4.61
367,Salta,AR,2021-10-12 14:22:09,-24.7859,-65.4117,77.59,55,40,7.0
368,Tezu,IN,2021-10-12 14:22:10,27.9167,96.1667,78.46,72,3,4.03
369,Nekhayevskiy,RU,2021-10-12 14:22:10,50.4106,41.7561,58.48,39,100,12.24
370,San Quintin,MX,2021-10-12 14:22:10,30.4833,-115.95,60.01,58,0,7.9
371,Alcaniz,ES,2021-10-12 14:22:11,41.05,-0.1333,72.75,28,0,8.77
372,Jiayuguan,CN,2021-10-12 14:22:11,39.8167,98.3,46.56,23,0,5.7
373,Penzance,GB,2021-10-12 14:22:11,50.1186,-5.5371,59.68,77,75,14.97
374,Moura,PT,2021-10-12 14:22:12,38.1401,-7.4486,82.51,25,0,1.54
375,Tarut,SA,2021-10-12 14:22:12,26.5733,50.0369,93.42,39,0,7.7
376,Robertsport,LR,2021-10-12 14:22:12,6.7533,-11.3686,81.99,74,85,8.7
377,Aban,RU,2021-10-12 14:22:13,56.67,96.06,29.62,53,100,3.71
378,Kodiak,US,2021-10-12 14:22:13,57.79,-152.4072,42.22,71,100,18.75
379,Nizhnyaya Poyma,RU,2021-10-12 14:22:13,56.1622,97.1933,30.11,76,100,3.65
380,Buenos Aires,AR,2021-10-12 14:21:18,-34.6132,-58.3772,69.03,73,75,4.61
381,Pudozh,RU,2021-10-12 14:22:14,61.8099,36.5345,45.73,68,7,8.14
382,Houston,US,2021-10-12 14:17:37,29.7633,-95.3633,84.31,86,75,4.0
383,Mount Darwin,ZW,2021-10-12 14:22:14,-16.7725,31.5838,84.4,18,0,8.63
384,Safaga,EG,2021-10-12 14:22:15,26.7292,33.9365,94.95,51,1,7.76
385,Gayny,RU,2021-10-12 14:22:15,60.3071,54.3241,42.58,77,100,5.77
386,Mariental,NA,2021-10-12 14:22:15,-24.6333,17.9667,95.45,8,0,4.27
387,Broome,US,2021-10-12 14:22:16,42.2506,-75.833,66.63,81,75,1.99
388,Husavik,IS,2021-10-12 14:22:16,66.0449,-17.3389,33.71,64,100,6.8
389,Sibolga,ID,2021-10-12 14:22:17,1.7427,98.7792,78.44,85,100,1.77
390,Ahuimanu,US,2021-10-12 14:22:17,21.4447,-157.8378,78.51,75,40,13.8
391,Cherskiy,RU,2021-10-12 14:22:18,68.75,161.3,-3.98,100,29,3.0
392,Omsukchan,RU,2021-10-12 14:22:18,62.5333,155.8,14.09,98,100,5.97
393,Egvekinot,RU,2021-10-12 14:22:18,66.3167,-179.1667,17.49,88,100,10.83
394,Hualmay,PE,2021-10-12 14:22:19,-11.0964,-77.6139,63.82,83,75,8.39
395,Umm Lajj,SA,2021-10-12 14:22:19,25.0213,37.2685,86.86,62,0,4.16
396,Olinda,BR,2021-10-12 14:22:19,-8.0089,-34.8553,83.93,65,40,10.36
397,Busko-Zdroj,PL,2021-10-12 14:22:20,50.4708,20.7188,55.18,49,42,8.79
398,Hsinchu,TW,2021-10-12 14:22:21,24.8036,120.9686,85.68,72,70,4.0
399,Kitami,JP,2021-10-12 14:22:21,43.8031,143.8908,47.12,93,11,3.53
400,Harrismith,ZA,2021-10-12 14:22:21,-28.2728,29.1295,81.27,12,55,5.7
401,Lircay,PE,2021-10-12 14:22:22,-12.9896,-74.7205,55.94,56,38,5.08
402,Kaltasy,RU,2021-10-12 14:22:22,55.9693,54.8032,47.88,85,98,5.26
403,Tongzi,CN,2021-10-12 14:22:22,28.7829,105.0877,60.93,89,100,2.33
404,Hervey Bay,AU,2021-10-12 14:22:23,-25.2986,152.8535,72.03,91,11,9.22
405,Presidente Olegario,BR,2021-10-12 14:22:23,-18.4178,-46.4181,76.26,64,59,4.03
406,Hovd,MN,2021-10-12 14:22:24,48.0056,91.6419,38.73,34,74,6.55
407,Kipini,KE,2021-10-12 14:22:24,-2.5257,40.5262,82.69,71,99,15.46
408,Gambela,ET,2021-10-12 14:22:24,8.25,34.5833,76.51,92,100,5.19
409,Panan,PH,2021-10-12 14:22:24,15.2134,120.0272,78.84,86,100,14.74
410,Santa Rosalia,MX,2021-10-12 14:22:25,27.3167,-112.2833,64.45,61,0,10.31
411,Gizo,SB,2021-10-12 14:22:25,-8.103,156.8419,81.9,75,83,6.4
412,Benin,BJ,2021-10-12 14:22:25,9.5,2.25,92.32,44,58,3.02
413,Drumheller,CA,2021-10-12 14:22:20,51.4617,-112.7101,29.28,93,0,8.05
414,Izumo,JP,2021-10-12 14:22:26,35.3667,132.7667,67.95,95,100,9.19
415,Mayumba,GA,2021-10-12 14:22:26,-3.432,10.6554,79.86,81,61,9.04
416,Cortez,US,2021-10-12 14:22:27,37.3489,-108.5859,40.68,75,75,25.32
417,Los Llanos De Aridane,ES,2021-10-12 14:22:27,28.6585,-17.9182,71.35,89,75,5.75
418,Fereydunshahr,IR,2021-10-12 14:22:27,32.941,50.121,58.33,17,0,1.07
419,Bandarbeyla,SO,2021-10-12 14:22:28,9.4942,50.8122,80.44,80,95,26.82
420,Coihaique,CL,2021-10-12 14:20:03,-45.5752,-72.0662,52.41,50,40,3.44
421,Luena,AO,2021-10-12 14:22:28,-11.7833,19.9167,89.78,43,40,9.22
422,Maceio,BR,2021-10-12 14:20:57,-9.6658,-35.7353,89.04,58,40,12.66
423,Los Andes,CL,2021-10-12 14:22:28,-32.8337,-70.5983,58.89,52,100,6.06
424,Abashiri,JP,2021-10-12 14:22:29,44.0213,144.2697,47.95,85,0,5.5
425,Zhireken,RU,2021-10-12 14:22:29,52.8249,117.3076,39.47,77,100,3.0
426,Varnavino,RU,2021-10-12 14:19:16,57.4035,45.0916,46.56,68,20,5.86
427,Serafimovich,RU,2021-10-12 14:22:29,49.5786,42.736,59.63,36,100,13.62
428,Teguise,ES,2021-10-12 14:22:30,29.0605,-13.564,71.82,64,40,14.97
429,Coachella,US,2021-10-12 14:22:30,33.6803,-116.1739,62.55,30,1,3.0
430,Luis Correia,BR,2021-10-12 14:22:30,-2.8792,-41.6669,89.22,53,53,13.02
431,Nizwa,OM,2021-10-12 14:22:31,22.9333,57.5333,91.72,26,67,2.53
432,Caravelas,BR,2021-10-12 14:22:31,-17.7125,-39.2481,71.62,92,99,9.35
433,Pathein,MM,2021-10-12 14:22:31,16.7833,94.7333,78.82,91,100,3.51
434,Bonavista,CA,2021-10-12 14:22:32,48.6499,-53.1147,47.12,92,100,23.89
435,Edd,ER,2021-10-12 14:22:32,13.9297,41.6925,91.85,58,100,9.91
436,Grande-Synthe,FR,2021-10-12 14:22:32,51.0154,2.2998,61.18,70,89,10.0
437,Siyabuswa,ZA,2021-10-12 14:22:33,-25.1132,29.0445,86.29,11,13,5.82
438,Belle Fourche,US,2021-10-12 14:22:33,44.6714,-103.8522,41.32,63,100,14.65
439,Sao Joao Da Barra,BR,2021-10-12 14:21:25,-21.6403,-41.0511,68.09,85,99,13.49
440,Drovyanaya,RU,2021-10-12 14:22:33,51.5833,113.0333,33.31,67,100,2.59
441,Ullapool,GB,2021-10-12 14:22:34,57.8987,-5.1604,55.35,86,100,2.86
442,Iquitos,PE,2021-10-12 14:22:34,-3.7481,-73.2472,82.44,83,75,3.44
443,La Esperanza,GT,2021-10-12 14:22:34,14.8667,-91.5667,59.94,83,90,0.0
444,Ahipara,NZ,2021-10-12 14:22:35,-35.1667,173.1667,52.56,76,63,11.63
445,Merced,US,2021-10-12 14:18:04,37.1666,-120.7516,52.05,27,0,21.52
446,Barinas,VE,2021-10-12 14:22:36,8.6226,-70.2075,83.75,68,30,2.68
447,Aykhal,RU,2021-10-12 14:22:36,66.0,111.5,13.41,94,100,18.59
448,Saint-Pierre,RE,2021-10-12 14:22:36,-21.3393,55.4781,76.68,88,90,2.3
449,Torbay,CA,2021-10-12 14:22:37,47.6666,-52.7314,46.38,87,90,19.57
450,Iskenderun,TR,2021-10-12 14:22:37,36.5872,36.1735,83.23,62,0,4.18
451,Kutum,SD,2021-10-12 14:22:37,14.2,24.6667,88.97,29,80,8.1
452,Beira,MZ,2021-10-12 14:22:38,-19.8436,34.8389,77.09,57,20,13.8
453,Uarini,BR,2021-10-12 14:22:38,-2.99,-65.1083,84.15,58,79,1.43
454,Roros,NO,2021-10-12 14:22:39,62.5747,11.3842,35.44,87,75,13.8
455,Arroyo,ES,2021-10-12 14:22:39,41.6096,-4.7969,74.19,31,0,6.91
456,Sitangkai,PH,2021-10-12 14:22:39,4.6628,119.3928,84.79,78,100,12.55
457,Linxia,CN,2021-10-12 14:22:40,35.6003,103.2064,52.21,75,100,3.06
458,Phonhong,LA,2021-10-12 14:22:40,18.5007,102.4166,75.33,95,41,2.06
459,Diego De Almagro,CL,2021-10-12 14:22:41,-26.3667,-70.05,66.67,29,17,5.86
460,Luanda,AO,2021-10-12 14:17:46,-8.8368,13.2343,77.86,76,92,11.99
461,Three Hills,CA,2021-10-12 14:22:41,51.7001,-113.2686,23.49,86,0,2.3
462,Neiafu,TO,2021-10-12 14:22:41,-18.65,-173.9833,68.68,83,75,0.0
463,Mecca,SA,2021-10-12 14:22:42,21.4267,39.8261,97.88,19,24,14.67
464,Kiunga,PG,2021-10-12 14:22:42,-6.1219,141.2906,74.43,96,74,2.42
465,Vila Franca Do Campo,PT,2021-10-12 14:22:42,37.7167,-25.4333,73.81,74,100,7.58
466,Floro,NO,2021-10-12 14:22:43,61.5996,5.0328,48.16,66,40,12.66
467,Beloha,MG,2021-10-12 14:22:43,-25.1667,45.05,74.57,50,0,15.73
468,Altamont,US,2021-10-12 14:22:43,42.2068,-121.7372,28.78,78,1,1.01
469,Katsuura,JP,2021-10-12 14:22:44,35.1333,140.3,68.18,90,100,17.29
470,Xiongzhou,CN,2021-10-12 14:22:44,25.1167,114.3,70.81,68,100,9.04
471,Mount Gambier,AU,2021-10-12 14:22:45,-37.8333,140.7667,48.78,65,3,9.19
472,Kirakira,SB,2021-10-12 14:22:45,-10.4544,161.9205,79.12,82,90,3.2
473,Cabatuan,PH,2021-10-12 14:22:45,10.8794,122.486,77.76,86,100,10.78
474,Koboko,UG,2021-10-12 14:22:46,3.4136,30.9599,71.78,83,100,5.14
475,Cockburn Town,TC,2021-10-12 14:22:46,21.4612,-71.1419,76.96,83,75,16.11
476,Thinadhoo,MV,2021-10-12 14:22:46,0.5333,72.9333,83.32,74,83,17.07
477,Karatau,KZ,2021-10-12 14:22:46,43.1667,70.4667,45.37,43,0,11.01
478,Joao Camara,BR,2021-10-12 14:22:47,-5.5375,-35.8197,87.04,36,26,15.75
479,Petropavlovsk-Kamchatskiy,RU,2021-10-12 14:22:47,53.0452,158.6483,37.99,60,20,8.95
480,Puri,IN,2021-10-12 14:22:47,19.8,85.85,84.72,75,100,2.8
481,Vadlapudi,IN,2021-10-12 14:22:48,14.3167,79.8,84.67,68,98,8.23
482,Halifax,CA,2021-10-12 14:19:49,44.6453,-63.5724,67.68,79,75,9.22
483,Vallenar,CL,2021-10-12 14:22:48,-28.5708,-70.7581,64.89,46,17,6.15
484,Joao Pinheiro,BR,2021-10-12 14:22:49,-17.7425,-46.1725,80.51,57,4,3.65
485,Ca Mau,VN,2021-10-12 14:22:49,9.1769,105.15,76.86,92,100,4.72
486,Achalpur,IN,2021-10-12 14:22:49,21.2572,77.5086,79.86,63,99,3.78
487,Asau,RO,2021-10-12 14:22:49,46.4333,26.4,51.28,78,100,2.62
488,Mantua,IT,2021-10-12 14:22:50,45.1667,10.7833,67.08,63,86,5.99
489,Benghazi,LY,2021-10-12 14:22:50,32.1167,20.0667,74.5,57,54,13.38
490,Cayenne,GF,2021-10-12 14:22:50,4.9333,-52.3333,87.84,75,90,3.0
491,Soyo,AO,2021-10-12 14:22:51,-6.1349,12.3689,84.25,78,90,8.75
492,Afsin,TR,2021-10-12 14:22:51,38.2477,36.914,73.27,22,0,9.62
493,Suntar,RU,2021-10-12 14:22:51,62.1444,117.6319,26.74,52,89,11.41
494,Zaraza,VE,2021-10-12 14:22:52,9.3503,-65.3245,87.22,61,73,6.13
495,Campbell River,CA,2021-10-12 14:22:07,50.0163,-125.2446,45.32,89,90,5.99
496,Rumonge,BI,2021-10-12 14:22:52,-3.9736,29.4386,82.69,45,88,5.66
497,Masalli,KR,2021-10-12 14:22:52,34.7959,126.6553,64.08,79,85,6.6
498,Mananjary,MG,2021-10-12 14:22:53,-21.2167,48.3333,71.17,74,100,6.02
499,Bermejo,AR,2021-10-12 14:22:53,-32.8833,-68.8,71.51,43,0,9.22
500,Navlya,RU,2021-10-12 14:22:54,52.8281,34.4989,51.94,64,100,5.01
501,Berdigestyakh,RU,2021-10-12 14:22:54,62.0989,126.6992,24.55,80,100,12.01
502,Consuegra,ES,2021-10-12 14:22:54,39.4625,-3.608,76.08,40,8,4.85
503,Pak Chong,TH,2021-10-12 14:22:55,14.708,101.4161,75.27,93,100,3.89
504,Synya,RU,2021-10-12 14:22:55,65.3718,58.0387,37.94,95,100,8.81
505,Luba,GQ,2021-10-12 14:22:55,3.4568,8.5547,80.1,84,85,5.03
506,Banda Aceh,ID,2021-10-12 14:22:55,5.5577,95.3222,80.91,78,100,14.25
507,Tessalit,ML,2021-10-12 14:22:56,20.1986,1.0114,100.29,6,96,12.88
508,El Alto,PE,2021-10-12 14:22:56,-4.2714,-81.2147,65.86,70,44,6.6
509,Aksarayskiy,RU,2021-10-12 14:22:57,46.7924,48.0119,61.99,31,78,13.91
510,Rafai,CF,2021-10-12 14:22:57,4.95,23.9167,78.93,77,46,5.68
511,Kapit,MY,2021-10-12 14:22:57,2.0167,112.9333,76.41,96,100,0.78
512,Murgab,TM,2021-10-12 14:22:57,37.4966,61.9714,62.47,29,0,4.61
513,Sinnamary,GF,2021-10-12 14:22:58,5.3833,-52.95,86.54,65,87,8.08
514,Koumac,NC,2021-10-12 14:22:58,-20.5667,164.2833,73.96,89,100,7.63
515,Ngunguru,NZ,2021-10-12 14:22:58,-35.6167,174.5,48.16,86,81,9.95
516,Bloomington,US,2021-10-12 14:22:07,44.8408,-93.2983,60.35,85,90,4.0
517,Lagoa,PT,2021-10-12 14:22:59,39.05,-27.9833,69.08,68,2,7.27
518,Kutahya,TR,2021-10-12 14:22:59,39.4242,29.9833,67.89,39,81,18.21
519,Lima,PE,2021-10-12 14:22:13,-12.0432,-77.0282,61.9,86,90,11.5
520,Goianesia,BR,2021-10-12 14:23:00,-15.3175,-49.1175,91.63,36,51,5.28
521,Alice Springs,AU,2021-10-12 14:23:00,-23.7,133.8833,65.75,37,0,0.0
522,Mazyr,BY,2021-10-12 14:23:00,52.0495,29.2456,51.24,53,100,4.99
523,Belaya Gora,RU,2021-10-12 14:23:01,68.5333,146.4167,19.65,93,100,5.95
524,Mudgee,AU,2021-10-12 14:23:01,-32.5943,149.5871,51.85,87,90,11.5
525,Miri,MY,2021-10-12 14:23:02,4.4148,114.0089,84.34,74,40,4.61
526,Davila,PH,2021-10-12 14:23:02,18.4726,120.5763,82.11,75,100,6.46
527,Shingu,JP,2021-10-12 14:23:03,33.7333,135.9833,71.47,93,93,4.05
528,Sanary-Sur-Mer,FR,2021-10-12 14:23:03,43.1178,5.8001,73.63,57,70,4.0
529,Okha,RU,2021-10-12 14:23:03,53.5739,142.9478,43.48,74,90,14.38
530,Esna,EG,2021-10-12 14:23:04,25.2934,32.554,102.22,11,2,10.58
531,Kongolo,CD,2021-10-12 14:23:04,-5.3833,27.0,84.92,51,100,5.55
532,Turbat,PK,2021-10-12 14:23:04,26.0023,63.044,85.53,8,0,21.43
533,Oskarshamn,SE,2021-10-12 14:23:05,57.2645,16.4484,47.98,57,100,9.84
534,Codajas,BR,2021-10-12 14:23:06,-3.8367,-62.0569,90.9,53,70,2.19
535,Daloa,CI,2021-10-12 14:23:06,6.8774,-6.4502,92.82,42,100,2.98
536,Peace River,CA,2021-10-12 14:23:07,56.2501,-117.286,29.66,87,20,1.01
537,Panalingaan,PH,2021-10-12 14:23:07,8.7842,117.4231,79.7,88,100,10.0
538,Uruzgan,AF,2021-10-12 14:23:07,32.8333,66.0,56.57,9,0,3.89
539,Hobyo,SO,2021-10-12 14:23:08,5.3505,48.5268,81.3,74,100,21.3
540,Godfrey,US,2021-10-12 14:23:08,38.9556,-90.1868,62.64,82,1,1.99
541,Barra Do Garcas,BR,2021-10-12 14:23:09,-15.89,-52.2567,82.98,74,75,0.0
542,Kismayo,SO,2021-10-12 14:23:09,-0.3582,42.5454,79.23,72,100,14.5
543,Lander,US,2021-10-12 14:23:09,42.833,-108.7307,29.05,97,90,0.0
544,Matveyevka,RU,2021-10-12 14:23:10,52.15,56.1833,52.75,58,100,6.31
545,Wajima,JP,2021-10-12 14:23:10,37.4,136.9,64.98,84,100,14.45
546,Arcachon,FR,2021-10-12 14:23:10,44.5875,-1.0519,69.42,45,0,8.05
547,Takaka,NZ,2021-10-12 14:23:11,-40.85,172.8,42.98,81,7,4.68
548,Jobabo,CU,2021-10-12 14:23:11,20.9692,-76.2994,80.62,76,100,5.77
549,Mahibadhoo,MV,2021-10-12 14:23:11,3.7833,72.9667,83.53,77,7,16.93
550,Yurecuaro,MX,2021-10-12 14:23:11,20.3333,-102.3,62.82,83,15,0.96
551,Kindu,CD,2021-10-12 14:23:12,-2.95,25.95,73.29,95,100,3.4
552,Schattdorf,CH,2021-10-12 14:23:12,46.8655,8.6547,54.97,77,95,6.46
553,Viedma,AR,2021-10-12 14:20:26,-40.8135,-62.9967,77.16,33,99,12.66
554,Williams Lake,CA,2021-10-12 14:23:13,52.1415,-122.1445,35.17,70,75,7.0
555,Popondetta,PG,2021-10-12 14:23:13,-8.7537,148.2534,73.63,97,58,2.71
556,Kununurra,AU,2021-10-12 14:23:13,-15.7667,128.7333,80.58,74,29,9.22
557,Lokosovo,RU,2021-10-12 14:21:22,61.1333,74.8167,30.96,79,100,5.68
558,Maunabo,PR,2021-10-12 14:23:14,18.0072,-65.8993,89.42,82,30,8.63
559,Kasamwa,TZ,2021-10-12 14:23:14,-2.85,32.4333,88.66,20,98,3.67
560,Madison,US,2021-10-12 14:23:15,34.7334,-86.5667,72.46,87,90,1.01
561,Macau,MO,2021-10-12 14:23:15,22.2006,113.5461,76.71,73,40,31.07
562,Lakes Entrance,AU,2021-10-12 14:23:15,-37.8811,147.981,46.17,85,4,9.31
563,Riviere-Au-Renard,CA,2021-10-12 14:23:16,48.9957,-64.3971,62.89,86,57,9.04
564,Gambo,CF,2021-10-12 14:23:16,4.6482,22.2633,78.53,76,90,5.84
565,Barcelos,PT,2021-10-12 14:23:16,41.5388,-8.6151,82.08,29,1,0.76
566,Viransehir,TR,2021-10-12 14:23:17,37.2353,39.7631,83.86,15,100,9.24
567,Mandera,KE,2021-10-12 14:23:17,3.9366,41.867,91.65,35,97,10.76
568,Copiapo,CL,2021-10-12 14:23:17,-27.3667,-70.3333,53.29,53,19,5.01
569,Santa Vitoria Do Palmar,BR,2021-10-12 14:23:18,-33.5189,-53.3681,68.79,76,37,6.04
570,Tsabong,BW,2021-10-12 14:23:18,-26.0217,22.401,88.61,8,100,10.56
571,Salinopolis,BR,2021-10-12 14:23:18,-0.6136,-47.3561,86.2,62,13,13.22
572,Lazaro Cardenas,MX,2021-10-12 14:23:19,17.9583,-102.2,78.06,83,54,3.67
573,Maputo,MZ,2021-10-12 14:23:19,-25.9653,32.5892,80.28,70,20,7.0
574,Jalu,LY,2021-10-12 14:23:19,29.0331,21.5482,87.22,27,50,10.58
575,Kurchum,KZ,2021-10-12 14:23:20,48.5722,83.6542,41.11,85,100,7.34
576,Awbari,LY,2021-10-12 14:23:20,26.5921,12.7805,79.95,33,100,11.79
577,Prince Rupert,CA,2021-10-12 14:18:39,54.3161,-130.3201,46.09,88,90,2.3
578,Verkhoyansk,RU,2021-10-12 14:23:20,67.5447,133.385,24.69,96,100,2.82
579,Blythe,US,2021-10-12 14:23:21,33.6103,-114.5964,58.03,23,1,8.05
